Epoch,Random_Noise_L2,Predicted_Noise_L2,Improvement_Percent
1,0.7739328145980835,0.8053159713745117,-4.055023405710744
2,1.054534912109375,0.9448198676109314,10.404116851758067
3,1.0183509588241577,0.8057907819747925,20.872978515658154
4,0.6800587177276611,0.44229182600975037,34.962700355107835
5,0.6234879493713379,0.5180550813674927,16.910169332086216
6,0.7269405722618103,0.6900016665458679,5.081420287357232
7,0.9119604825973511,0.7650566101074219,16.108578748010316
8,0.8362865447998047,0.7644788026809692,8.586499754820904
